block,channel,metric_key,metric_label,mean,std,num_seeds
paper_channels,AWGN,drifting_direct_swd,Drifting (dir.),0.00996493836864829,0.000744919228002782,10
paper_channels,AWGN,drifting_residual_swd,Drifting (res.),0.009669662360101939,0.0008669623519122315,10
paper_channels,AWGN,ddpm_swd,DDPM,0.006994134839624166,0.0003914266336229685,10
paper_channels,AWGN,ddim_100,DDIM-100,0.004240319412201643,0.0005655687349240216,10
paper_channels,AWGN,ddim_50,DDIM-50,0.006399346562102437,0.0004258134961881244,10
paper_channels,AWGN,ddim_20,DDIM-20,0.014265395700931549,0.00033775550936412355,10
paper_channels,AWGN,ddim_10,DDIM-10,0.026406581699848174,0.0003581552343180131,10
paper_channels,AWGN,paper_wgan_swd,Paper WGAN,0.018865193892270326,0.004375821430795057,10
paper_channels,Rayleigh,drifting_direct_swd,Drifting (dir.),0.008509209519252181,0.0012459238113188607,10
paper_channels,Rayleigh,drifting_residual_swd,Drifting (res.),0.006231592409312725,0.000907883530765615,10
paper_channels,Rayleigh,ddpm_swd,DDPM,0.007925729546695948,0.0007587971823834118,10
paper_channels,Rayleigh,ddim_100,DDIM-100,0.004358334327116608,0.0006895834997015924,10
paper_channels,Rayleigh,ddim_50,DDIM-50,0.00663954452611506,0.0009528033070070259,10
paper_channels,Rayleigh,ddim_20,DDIM-20,0.014630354009568691,0.0013814904547385755,10
paper_channels,Rayleigh,ddim_10,DDIM-10,0.02711520213633776,0.0012854391663229502,10
paper_channels,Rayleigh,paper_wgan_swd,Paper WGAN,0.017825534194707872,0.004444002509949961,10
paper_channels,SSPA,drifting_direct_swd,Drifting (dir.),0.0059938964433968065,0.0008003562721058743,10
paper_channels,SSPA,drifting_residual_swd,Drifting (res.),0.01300764735788107,0.00033625872173027253,10
paper_channels,SSPA,ddpm_swd,DDPM,0.003206544555723667,0.0005356056343603868,10
paper_channels,SSPA,ddim_100,DDIM-100,0.0023833649000152947,0.0004458280210461377,10
paper_channels,SSPA,ddim_50,DDIM-50,0.002973633771762252,0.0004873275944392385,10
paper_channels,SSPA,ddim_20,DDIM-20,0.005570228770375251,0.0006097095036525119,10
paper_channels,SSPA,ddim_10,DDIM-10,0.009175291564315558,0.0007758349064064543,10
paper_channels,SSPA,paper_wgan_swd,Paper WGAN,0.023908203840255736,0.016524737593616955,10
optfib,OptFib,drifting_direct_swd,Drifting (dir.),0.027527124993503092,0.010407035751243217,10
optfib,OptFib,drifting_residual_swd,Drifting (res.),0.046313317492604256,0.008167971624383893,10
optfib,OptFib,ddpm_swd,DDPM,0.010827694833278657,0.0013228189228317515,10
optfib,OptFib,ddim_swd,DDIM-100,0.06600578762590885,0.02145008112923516,10
optfib,OptFib,paper_wgan_swd,Paper WGAN,0.032594445068389176,0.012140286412442601,10
