channel,method_key,method_label,metric_space,mean,std,num_seeds
AWGN,drifting_residual,Drifting (res.),y_swd,0.06702078133821487,0.013806032755459009,10
AWGN,drifting_residual,Drifting (res.),residual_swd,0.01033284580335021,0.0010421527451685234,10
AWGN,wgan,WGAN,y_swd,0.019756958726793526,0.005042608288539514,10
AWGN,wgan,WGAN,residual_swd,0.019490735605359077,0.005116352226423502,10
Rayleigh,drifting_residual,Drifting (res.),y_swd,0.3680962294340134,0.003142710952008161,10
Rayleigh,drifting_residual,Drifting (res.),residual_swd,0.006261879368685186,0.001131322873683418,10
Rayleigh,wgan,WGAN,y_swd,0.017130869161337613,0.004976498450824586,10
Rayleigh,wgan,WGAN,residual_swd,0.017026671674102545,0.005011581903923274,10
SSPA,drifting_residual,Drifting (res.),y_swd,0.48119120895862577,0.0022373256090903594,10
SSPA,drifting_residual,Drifting (res.),residual_swd,0.012751065474003554,0.0007198800392164336,10
SSPA,wgan,WGAN,y_swd,0.02873243885114789,0.01557537227114329,10
SSPA,wgan,WGAN,residual_swd,0.026855299714952707,0.016150354557552097,10
OptFib,drifting_residual,Drifting (res.),y_swd,0.3864350765943527,0.021136579671893092,10
OptFib,drifting_residual,Drifting (res.),residual_swd,0.047681988775730134,0.0059187301698929926,10
OptFib,wgan,WGAN,y_swd,0.04136431831866503,0.017874491071628713,10
OptFib,wgan,WGAN,residual_swd,0.04236087324097752,0.0181124916928074,10
