device,channel,method_key,method_label,samples_per_second,milliseconds_per_sample,inference_time_display,projected_full_train_hours,projected_total_benchmark_hours
cuda,AWGN,drifting_residual,Drifting (res.),2466118.777465546,0.0004054954729421871,0.405 us,0.7330360625000039,0.7341624388137321
cuda,AWGN,drifting_direct,Drifting (dir.),2625386.2285279,0.00038089633789262223,0.381 us,0.7237361787083374,0.7247942240913725
cuda,AWGN,ddpm,DDPM,7563.233589985802,0.13221857927594133,0.132 ms,0.04888139244444448,0.4161552237665037
cuda,AWGN,ddim100,DDIM-100,8755.688722306175,0.11421146088169845,0.114 ms,0.04888139244444448,0.3661354504491624
cuda,AWGN,ddim50,DDIM-50,17454.741687212092,0.05729102257254441,0.057 ms,0.04888139244444448,0.20802312181262342
cuda,AWGN,ddim20,DDIM-20,43359.07062052246,0.023063224965128422,0.023 ms,0.04888139244444448,0.11294590623646787
cuda,AWGN,ddim10,DDIM-10,86230.87675577156,0.011596774121087299,0.012 ms,0.04888139244444448,0.08109465389190919
cuda,AWGN,paper_wgan,Paper WGAN,2541792.2795041176,0.0003934231794090946,0.393 us,0.20599662570833743,0.2070894678733627
cuda,Rayleigh,drifting_residual,Drifting (res.),2459001.054510222,0.0004066692034010444,0.407 us,0.7297084584166669,0.7308380950927809
cuda,Rayleigh,drifting_direct,Drifting (dir.),2621150.6010179315,0.0003815118443067129,0.382 us,0.725252462097223,0.7263122172202973
cuda,Rayleigh,ddpm,DDPM,7462.999212809038,0.13399438636998123,0.134 ms,0.049991010888883615,0.422197639694387
cuda,Rayleigh,ddim100,DDIM-100,8662.852964449097,0.11543541187918496,0.115 ms,0.049991010888883615,0.37064493277550853
cuda,Rayleigh,ddim50,DDIM-50,17290.87375647251,0.05783397728097281,0.058 ms,0.049991010888883615,0.21064094778047474
cuda,Rayleigh,ddim20,DDIM-20,43011.87788638488,0.023249391775952737,0.023 ms,0.049991010888883615,0.11457265471097454
cuda,Rayleigh,ddim10,DDIM-10,84994.76483293643,0.011765430517580404,0.012 ms,0.049991010888883615,0.08267276232660696
cuda,Rayleigh,paper_wgan,Paper WGAN,2591271.042504199,0.0003859110002763748,0.386 us,0.20171728354166715,0.20278925854243485
cuda,SSPA,drifting_residual,Drifting (res.),2357552.1937968605,0.0004241687639540613,0.424 us,3.1969653581799986,3.1981436047465377
cuda,SSPA,drifting_direct,Drifting (dir.),2525469.5702344244,0.0003959659667992657,0.396 us,3.1828957934396302,3.1839956989029616
cuda,SSPA,ddpm,DDPM,7195.155076119561,0.13898241100028003,0.139 ms,0.3328725864413232,0.7189348392198789
cuda,SSPA,ddim100,DDIM-100,8346.721924192332,0.11980751354631533,0.120 ms,0.3328725864413232,0.6656712351810881
cuda,SSPA,ddim50,DDIM-50,16662.09645096056,0.060016457289343725,0.060 ms,0.3328725864413232,0.4995849678006114
cuda,SSPA,ddim20,DDIM-20,41378.73383494756,0.02416700336914181,0.024 ms,0.3328725864413232,0.4000031513556061
cuda,SSPA,ddim10,DDIM-10,82227.48686789635,0.012161383475170087,0.012 ms,0.3328725864413232,0.3666542072056846
cuda,SSPA,paper_wgan,Paper WGAN,2448015.57142177,0.00040849413364605985,0.408 us,1.3524358534357825,1.353570559362577
cuda,OptFib,drifting_residual,Drifting (res.),2437587.2830711077,0.00041024172014062345,0.410 us,0.05371205584778156,0.0537234514511188
cuda,OptFib,drifting_direct,Drifting (dir.),2617209.8709756103,0.00038208628627372273,0.382 us,0.048814774770836115,0.04882538827878816
cuda,OptFib,ddpm,DDPM,8946.32544482539,0.11177773558175286,0.112 ms,0.04801895416416591,0.051123891263659044
cuda,OptFib,ddim100,DDIM-100,9315.401824043085,0.10734909979073542,0.107 ms,0.04801895416416591,0.051000873602797446
cuda,OptFib,ddim50,DDIM-50,18690.912325872334,0.053501936265346446,0.054 ms,0.04801895416416591,0.04950511906042553
cuda,OptFib,ddim20,DDIM-20,46411.14629359214,0.021546548186379688,0.022 ms,0.04801895416416591,0.048617469391565346
cuda,OptFib,ddim10,DDIM-10,92028.59434212775,0.010866187918532968,0.011 ms,0.04801895416416591,0.04832079271745849
cuda,OptFib,paper_wgan,Paper WGAN,2620630.437881089,0.000381587569748503,0.382 us,0.23567081075083152,0.23568141040554674
